user_id,name,email,password
6532e32bfcb829e722f771dd,Lori Taylor,wardgary@example.net,l^0ZERmt^U
6532e32bfcb829e722f771dd,Lori Taylor,wardgary@example.net,l^0ZERmt^U
6532e32bfcb829e722f771dd,Lori Taylor,wardgary@example.net,l^0ZERmt^U
6532e32bfcb829e722f771de,Melissa May,lhull@example.com,&#7PGjxOU*
6532e32bfcb829e722f771de,Melissa May,lhull@example.com,&#7PGjxOU*
6532e32bfcb829e722f771de,Melissa May,lhull@example.com,&#7PGjxOU*
6532e32bfcb829e722f771de,Melissa May,lhull@example.com,&#7PGjxOU*
6532e32bfcb829e722f771e0,Maria Wilkerson,smithangela@example.com,+j8ZkR1v76
6532e32bfcb829e722f771de,Melissa May,lhull@example.com,&#7PGjxOU*
6532e32bfcb829e722f771e0,Maria Wilkerson,smithangela@example.com,+j8ZkR1v76
6532e32bfcb829e722f771e0,Maria Wilkerson,smithangela@example.com,+j8ZkR1v76
6532e32bfcb829e722f771e0,Maria Wilkerson,smithangela@example.com,+j8ZkR1v76
6532e32bfcb829e722f771e0,Maria Wilkerson,smithangela@example.com,+j8ZkR1v76
6532e32bfcb829e722f771e0,Maria Wilkerson,smithangela@example.com,+j8ZkR1v76
6532e32bfcb829e722f771df,Mr. Thomas Mack,jessicageorge@example.net,!W2IjkhaWZ
6532e32bfcb829e722f771df,Mr. Thomas Mack,jessicageorge@example.net,!W2IjkhaWZ
6532e32bfcb829e722f771df,Mr. Thomas Mack,jessicageorge@example.net,!W2IjkhaWZ
6532e32bfcb829e722f771df,Mr. Thomas Mack,jessicageorge@example.net,!W2IjkhaWZ
6532e32bfcb829e722f771e1,Kelli Buck,jevans@example.com,%tXerJWsJ2
6532e32bfcb829e722f771e1,Kelli Buck,jevans@example.com,%tXerJWsJ2
6532e32bfcb829e722f771e1,Kelli Buck,jevans@example.com,%tXerJWsJ2
6532e32bfcb829e722f771e1,Kelli Buck,jevans@example.com,%tXerJWsJ2
6532e32bfcb829e722f771e1,Kelli Buck,jevans@example.com,%tXerJWsJ2
6532e32bfcb829e722f771e1,Kelli Buck,jevans@example.com,%tXerJWsJ2
6532e32bfcb829e722f771e1,Kelli Buck,jevans@example.com,%tXerJWsJ2
6532e32bfcb829e722f771e1,Kelli Buck,jevans@example.com,%tXerJWsJ2
6532e32bfcb829e722f771e1,Kelli Buck,jevans@example.com,%tXerJWsJ2
6532e32bfcb829e722f771e1,Kelli Buck,jevans@example.com,%tXerJWsJ2
6532e32bfcb829e722f771e2,Michele Adams,timothybryant@example.net,e%+Wy%T!(2
6532e32bfcb829e722f771e2,Michele Adams,timothybryant@example.net,e%+Wy%T!(2
6532e32bfcb829e722f771e2,Michele Adams,timothybryant@example.net,e%+Wy%T!(2
6532e32bfcb829e722f771e2,Michele Adams,timothybryant@example.net,e%+Wy%T!(2
6532e32bfcb829e722f771e2,Michele Adams,timothybryant@example.net,e%+Wy%T!(2
6532e32bfcb829e722f771e2,Michele Adams,timothybryant@example.net,e%+Wy%T!(2
6532e32bfcb829e722f771e2,Michele Adams,timothybryant@example.net,e%+Wy%T!(2
6532e32bfcb829e722f771e2,Michele Adams,timothybryant@example.net,e%+Wy%T!(2
6532e32bfcb829e722f771e2,Michele Adams,timothybryant@example.net,e%+Wy%T!(2
6532e32bfcb829e722f771e2,Michele Adams,timothybryant@example.net,e%+Wy%T!(2
6532e32bfcb829e722f771e4,David Anderson,joshua55@example.com,2*3YN3syzQ
6532e32bfcb829e722f771e4,David Anderson,joshua55@example.com,2*3YN3syzQ
6532e32bfcb829e722f771e4,David Anderson,joshua55@example.com,2*3YN3syzQ
6532e32bfcb829e722f771e4,David Anderson,joshua55@example.com,2*3YN3syzQ
6532e32bfcb829e722f771e4,David Anderson,joshua55@example.com,2*3YN3syzQ
6532e32bfcb829e722f771e4,David Anderson,joshua55@example.com,2*3YN3syzQ
6532e32bfcb829e722f771e4,David Anderson,joshua55@example.com,2*3YN3syzQ
6532e32bfcb829e722f771e4,David Anderson,joshua55@example.com,2*3YN3syzQ
6532e32bfcb829e722f771e4,David Anderson,joshua55@example.com,2*3YN3syzQ
6532e32bfcb829e722f771e4,David Anderson,joshua55@example.com,2*3YN3syzQ
6532e32bfcb829e722f771e3,Robert Franco,crystallin@example.com,J4BXJhag_@
6532e32bfcb829e722f771e3,Robert Franco,crystallin@example.com,J4BXJhag_@
6532e32bfcb829e722f771e3,Robert Franco,crystallin@example.com,J4BXJhag_@
6532e32bfcb829e722f771e3,Robert Franco,crystallin@example.com,J4BXJhag_@
6532e32bfcb829e722f771e3,Robert Franco,crystallin@example.com,J4BXJhag_@
6532e32bfcb829e722f771e3,Robert Franco,crystallin@example.com,J4BXJhag_@
6532e32bfcb829e722f771e3,Robert Franco,crystallin@example.com,J4BXJhag_@
6532e32bfcb829e722f771e3,Robert Franco,crystallin@example.com,J4BXJhag_@
6532e32bfcb829e722f771e3,Robert Franco,crystallin@example.com,J4BXJhag_@
6532e32bfcb829e722f771e5,Rickey Molina,ryan61@example.org,$cS)9Mh(um
6532e32bfcb829e722f771e5,Rickey Molina,ryan61@example.org,$cS)9Mh(um
6532e32bfcb829e722f771e3,Robert Franco,crystallin@example.com,J4BXJhag_@
6532e32bfcb829e722f771e5,Rickey Molina,ryan61@example.org,$cS)9Mh(um
6532e32bfcb829e722f771e5,Rickey Molina,ryan61@example.org,$cS)9Mh(um
6532e32bfcb829e722f771e5,Rickey Molina,ryan61@example.org,$cS)9Mh(um
6532e32bfcb829e722f771e5,Rickey Molina,ryan61@example.org,$cS)9Mh(um
6532e32bfcb829e722f771e5,Rickey Molina,ryan61@example.org,$cS)9Mh(um
6532e32bfcb829e722f771e5,Rickey Molina,ryan61@example.org,$cS)9Mh(um
6532e32bfcb829e722f771e5,Rickey Molina,ryan61@example.org,$cS)9Mh(um
6532e32bfcb829e722f771e6,Ronald Richardson,khowell@example.net,#xB3@)l&R4
6532e32bfcb829e722f771e6,Ronald Richardson,khowell@example.net,#xB3@)l&R4
6532e32bfcb829e722f771e5,Rickey Molina,ryan61@example.org,$cS)9Mh(um
6532e32bfcb829e722f771e6,Ronald Richardson,khowell@example.net,#xB3@)l&R4
6532e32bfcb829e722f771e6,Ronald Richardson,khowell@example.net,#xB3@)l&R4
6532e32bfcb829e722f771e6,Ronald Richardson,khowell@example.net,#xB3@)l&R4
6532e32bfcb829e722f771e6,Ronald Richardson,khowell@example.net,#xB3@)l&R4
6532e32bfcb829e722f771e6,Ronald Richardson,khowell@example.net,#xB3@)l&R4
6532e32bfcb829e722f771e6,Ronald Richardson,khowell@example.net,#xB3@)l&R4
6532e32bfcb829e722f771e6,Ronald Richardson,khowell@example.net,#xB3@)l&R4
6532e32bfcb829e722f771e7,Matthew Jackson,davispam@example.com,jQ32EowC_N
6532e32bfcb829e722f771e7,Matthew Jackson,davispam@example.com,jQ32EowC_N
6532e32bfcb829e722f771e7,Matthew Jackson,davispam@example.com,jQ32EowC_N
6532e32bfcb829e722f771e6,Ronald Richardson,khowell@example.net,#xB3@)l&R4
6532e32bfcb829e722f771e7,Matthew Jackson,davispam@example.com,jQ32EowC_N
6532e32bfcb829e722f771e7,Matthew Jackson,davispam@example.com,jQ32EowC_N
6532e32bfcb829e722f771e7,Matthew Jackson,davispam@example.com,jQ32EowC_N
6532e32bfcb829e722f771e7,Matthew Jackson,davispam@example.com,jQ32EowC_N
6532e32bfcb829e722f771e7,Matthew Jackson,davispam@example.com,jQ32EowC_N
6532e32bfcb829e722f771e7,Matthew Jackson,davispam@example.com,jQ32EowC_N
6532e32bfcb829e722f771e8,Angela Warner,natalie55@example.net,^aBmb!mF_4
6532e32bfcb829e722f771e8,Angela Warner,natalie55@example.net,^aBmb!mF_4
6532e32bfcb829e722f771e8,Angela Warner,natalie55@example.net,^aBmb!mF_4
6532e32bfcb829e722f771e7,Matthew Jackson,davispam@example.com,jQ32EowC_N
6532e32bfcb829e722f771e8,Angela Warner,natalie55@example.net,^aBmb!mF_4
6532e32bfcb829e722f771e8,Angela Warner,natalie55@example.net,^aBmb!mF_4
6532e32bfcb829e722f771e8,Angela Warner,natalie55@example.net,^aBmb!mF_4
6532e32bfcb829e722f771e8,Angela Warner,natalie55@example.net,^aBmb!mF_4
6532e32bfcb829e722f771e8,Angela Warner,natalie55@example.net,^aBmb!mF_4
6532e32bfcb829e722f771e8,Angela Warner,natalie55@example.net,^aBmb!mF_4
6532e32bfcb829e722f771ea,Sydney Rose,andrea53@example.com,Xm3Wa#De)M
6532e32bfcb829e722f771ea,Sydney Rose,andrea53@example.com,Xm3Wa#De)M
6532e32bfcb829e722f771ea,Sydney Rose,andrea53@example.com,Xm3Wa#De)M
6532e32bfcb829e722f771ea,Sydney Rose,andrea53@example.com,Xm3Wa#De)M
6532e32bfcb829e722f771e8,Angela Warner,natalie55@example.net,^aBmb!mF_4
6532e32bfcb829e722f771ea,Sydney Rose,andrea53@example.com,Xm3Wa#De)M
6532e32bfcb829e722f771ea,Sydney Rose,andrea53@example.com,Xm3Wa#De)M
6532e32bfcb829e722f771ea,Sydney Rose,andrea53@example.com,Xm3Wa#De)M
6532e32bfcb829e722f771ea,Sydney Rose,andrea53@example.com,Xm3Wa#De)M
6532e32bfcb829e722f771ea,Sydney Rose,andrea53@example.com,Xm3Wa#De)M
6532e32bfcb829e722f771e9,William Bowen,lawrenceelizabeth@example.com,*jdVTWArs6
6532e32bfcb829e722f771e9,William Bowen,lawrenceelizabeth@example.com,*jdVTWArs6
6532e32bfcb829e722f771e9,William Bowen,lawrenceelizabeth@example.com,*jdVTWArs6
6532e32bfcb829e722f771ea,Sydney Rose,andrea53@example.com,Xm3Wa#De)M
6532e32bfcb829e722f771e9,William Bowen,lawrenceelizabeth@example.com,*jdVTWArs6
6532e32bfcb829e722f771e9,William Bowen,lawrenceelizabeth@example.com,*jdVTWArs6
6532e32bfcb829e722f771e9,William Bowen,lawrenceelizabeth@example.com,*jdVTWArs6
6532e32bfcb829e722f771e9,William Bowen,lawrenceelizabeth@example.com,*jdVTWArs6
6532e32bfcb829e722f771e9,William Bowen,lawrenceelizabeth@example.com,*jdVTWArs6
6532e32bfcb829e722f771eb,Diane Dixon,vancenicole@example.net,#l6b4VgzrT
6532e32bfcb829e722f771e9,William Bowen,lawrenceelizabeth@example.com,*jdVTWArs6
6532e32bfcb829e722f771eb,Diane Dixon,vancenicole@example.net,#l6b4VgzrT
6532e32bfcb829e722f771eb,Diane Dixon,vancenicole@example.net,#l6b4VgzrT
6532e32bfcb829e722f771e9,William Bowen,lawrenceelizabeth@example.com,*jdVTWArs6
6532e32bfcb829e722f771eb,Diane Dixon,vancenicole@example.net,#l6b4VgzrT
6532e32bfcb829e722f771eb,Diane Dixon,vancenicole@example.net,#l6b4VgzrT
6532e32bfcb829e722f771eb,Diane Dixon,vancenicole@example.net,#l6b4VgzrT
6532e32bfcb829e722f771eb,Diane Dixon,vancenicole@example.net,#l6b4VgzrT
6532e32bfcb829e722f771eb,Diane Dixon,vancenicole@example.net,#l6b4VgzrT
6532e32bfcb829e722f771ec,Brandon Scott,cherrybrenda@example.net,Q6snrZzP+j
6532e32bfcb829e722f771eb,Diane Dixon,vancenicole@example.net,#l6b4VgzrT
6532e32bfcb829e722f771ec,Brandon Scott,cherrybrenda@example.net,Q6snrZzP+j
6532e32bfcb829e722f771ec,Brandon Scott,cherrybrenda@example.net,Q6snrZzP+j
6532e32bfcb829e722f771eb,Diane Dixon,vancenicole@example.net,#l6b4VgzrT
6532e32bfcb829e722f771ec,Brandon Scott,cherrybrenda@example.net,Q6snrZzP+j
6532e32bfcb829e722f771ec,Brandon Scott,cherrybrenda@example.net,Q6snrZzP+j
6532e32bfcb829e722f771ec,Brandon Scott,cherrybrenda@example.net,Q6snrZzP+j
6532e32bfcb829e722f771ec,Brandon Scott,cherrybrenda@example.net,Q6snrZzP+j
6532e32bfcb829e722f771ec,Brandon Scott,cherrybrenda@example.net,Q6snrZzP+j
6532e32bfcb829e722f771ed,Anthony Glover,jonesjoseph@example.net,%8iQSDay4s
6532e32bfcb829e722f771ec,Brandon Scott,cherrybrenda@example.net,Q6snrZzP+j
6532e32bfcb829e722f771ed,Anthony Glover,jonesjoseph@example.net,%8iQSDay4s
6532e32bfcb829e722f771ed,Anthony Glover,jonesjoseph@example.net,%8iQSDay4s
6532e32bfcb829e722f771ec,Brandon Scott,cherrybrenda@example.net,Q6snrZzP+j
6532e32bfcb829e722f771ed,Anthony Glover,jonesjoseph@example.net,%8iQSDay4s
6532e32bfcb829e722f771ed,Anthony Glover,jonesjoseph@example.net,%8iQSDay4s
6532e32bfcb829e722f771ed,Anthony Glover,jonesjoseph@example.net,%8iQSDay4s
6532e32bfcb829e722f771ed,Anthony Glover,jonesjoseph@example.net,%8iQSDay4s
6532e32bfcb829e722f771ee,Isaiah Sanchez,michaelgraham@example.com,i7YRfy!B(8
6532e32bfcb829e722f771ed,Anthony Glover,jonesjoseph@example.net,%8iQSDay4s
6532e32bfcb829e722f771ee,Isaiah Sanchez,michaelgraham@example.com,i7YRfy!B(8
6532e32bfcb829e722f771ee,Isaiah Sanchez,michaelgraham@example.com,i7YRfy!B(8
6532e32bfcb829e722f771ed,Anthony Glover,jonesjoseph@example.net,%8iQSDay4s
6532e32bfcb829e722f771ed,Anthony Glover,jonesjoseph@example.net,%8iQSDay4s
6532e32bfcb829e722f771ee,Isaiah Sanchez,michaelgraham@example.com,i7YRfy!B(8
6532e32bfcb829e722f771ee,Isaiah Sanchez,michaelgraham@example.com,i7YRfy!B(8
6532e32bfcb829e722f771ee,Isaiah Sanchez,michaelgraham@example.com,i7YRfy!B(8
6532e32bfcb829e722f771ee,Isaiah Sanchez,michaelgraham@example.com,i7YRfy!B(8
6532e32bfcb829e722f771ef,Anthony Peterson,rebecca58@example.com,R2NpEqUD+c
6532e32bfcb829e722f771ee,Isaiah Sanchez,michaelgraham@example.com,i7YRfy!B(8
6532e32bfcb829e722f771ef,Anthony Peterson,rebecca58@example.com,R2NpEqUD+c
6532e32bfcb829e722f771ef,Anthony Peterson,rebecca58@example.com,R2NpEqUD+c
6532e32bfcb829e722f771ee,Isaiah Sanchez,michaelgraham@example.com,i7YRfy!B(8
6532e32bfcb829e722f771ee,Isaiah Sanchez,michaelgraham@example.com,i7YRfy!B(8
6532e32bfcb829e722f771ef,Anthony Peterson,rebecca58@example.com,R2NpEqUD+c
6532e32bfcb829e722f771ef,Anthony Peterson,rebecca58@example.com,R2NpEqUD+c
6532e32bfcb829e722f771ef,Anthony Peterson,rebecca58@example.com,R2NpEqUD+c
6532e32bfcb829e722f771ef,Anthony Peterson,rebecca58@example.com,R2NpEqUD+c
6532e32bfcb829e722f771f1,Tiffany Wilson,fdavis@example.net,G4CGetEn$@
6532e32bfcb829e722f771ef,Anthony Peterson,rebecca58@example.com,R2NpEqUD+c
6532e32bfcb829e722f771ef,Anthony Peterson,rebecca58@example.com,R2NpEqUD+c
6532e32bfcb829e722f771f1,Tiffany Wilson,fdavis@example.net,G4CGetEn$@
6532e32bfcb829e722f771f1,Tiffany Wilson,fdavis@example.net,G4CGetEn$@
6532e32bfcb829e722f771ef,Anthony Peterson,rebecca58@example.com,R2NpEqUD+c
6532e32bfcb829e722f771f1,Tiffany Wilson,fdavis@example.net,G4CGetEn$@
6532e32bfcb829e722f771f1,Tiffany Wilson,fdavis@example.net,G4CGetEn$@
6532e32bfcb829e722f771f1,Tiffany Wilson,fdavis@example.net,G4CGetEn$@
6532e32bfcb829e722f771f1,Tiffany Wilson,fdavis@example.net,G4CGetEn$@
6532e32bfcb829e722f771f0,Richard Hayes,ginamoore@example.net,##6UV04vNg
6532e32bfcb829e722f771f1,Tiffany Wilson,fdavis@example.net,G4CGetEn$@
6532e32bfcb829e722f771f0,Richard Hayes,ginamoore@example.net,##6UV04vNg
6532e32bfcb829e722f771f0,Richard Hayes,ginamoore@example.net,##6UV04vNg
6532e32bfcb829e722f771f1,Tiffany Wilson,fdavis@example.net,G4CGetEn$@
6532e32bfcb829e722f771f1,Tiffany Wilson,fdavis@example.net,G4CGetEn$@
6532e32bfcb829e722f771f0,Richard Hayes,ginamoore@example.net,##6UV04vNg
6532e32bfcb829e722f771f0,Richard Hayes,ginamoore@example.net,##6UV04vNg
6532e32bfcb829e722f771f0,Richard Hayes,ginamoore@example.net,##6UV04vNg
6532e32bfcb829e722f771f0,Richard Hayes,ginamoore@example.net,##6UV04vNg
6532e32bfcb829e722f771f2,Ricky Williams,laurajones@example.org,5obI5ImAo(
6532e32bfcb829e722f771f0,Richard Hayes,ginamoore@example.net,##6UV04vNg
6532e32bfcb829e722f771f2,Ricky Williams,laurajones@example.org,5obI5ImAo(
6532e32bfcb829e722f771f2,Ricky Williams,laurajones@example.org,5obI5ImAo(
6532e32bfcb829e722f771f0,Richard Hayes,ginamoore@example.net,##6UV04vNg
6532e32bfcb829e722f771f2,Ricky Williams,laurajones@example.org,5obI5ImAo(
6532e32bfcb829e722f771f0,Richard Hayes,ginamoore@example.net,##6UV04vNg
6532e32bfcb829e722f771f2,Ricky Williams,laurajones@example.org,5obI5ImAo(
6532e32bfcb829e722f771f2,Ricky Williams,laurajones@example.org,5obI5ImAo(
6532e32bfcb829e722f771f2,Ricky Williams,laurajones@example.org,5obI5ImAo(
6532e32bfcb829e722f771f2,Ricky Williams,laurajones@example.org,5obI5ImAo(
6532e32cfcb829e722f771f3,Jeffery Taylor,edward19@example.com,&%5iB8e0OY
6532e32cfcb829e722f771f3,Jeffery Taylor,edward19@example.com,&%5iB8e0OY
6532e32bfcb829e722f771f2,Ricky Williams,laurajones@example.org,5obI5ImAo(
6532e32cfcb829e722f771f3,Jeffery Taylor,edward19@example.com,&%5iB8e0OY
6532e32cfcb829e722f771f3,Jeffery Taylor,edward19@example.com,&%5iB8e0OY
6532e32bfcb829e722f771f2,Ricky Williams,laurajones@example.org,5obI5ImAo(
6532e32cfcb829e722f771f3,Jeffery Taylor,edward19@example.com,&%5iB8e0OY
6532e32cfcb829e722f771f3,Jeffery Taylor,edward19@example.com,&%5iB8e0OY
6532e32cfcb829e722f771f3,Jeffery Taylor,edward19@example.com,&%5iB8e0OY
6532e32cfcb829e722f771f3,Jeffery Taylor,edward19@example.com,&%5iB8e0OY
6532e32cfcb829e722f771f4,Suzanne Benson,crystal39@example.org,XS9VE45uG$
6532e32cfcb829e722f771f4,Suzanne Benson,crystal39@example.org,XS9VE45uG$
6532e32cfcb829e722f771f3,Jeffery Taylor,edward19@example.com,&%5iB8e0OY
6532e32cfcb829e722f771f4,Suzanne Benson,crystal39@example.org,XS9VE45uG$
6532e32cfcb829e722f771f4,Suzanne Benson,crystal39@example.org,XS9VE45uG$
6532e32cfcb829e722f771f3,Jeffery Taylor,edward19@example.com,&%5iB8e0OY
6532e32cfcb829e722f771f4,Suzanne Benson,crystal39@example.org,XS9VE45uG$
6532e32cfcb829e722f771f4,Suzanne Benson,crystal39@example.org,XS9VE45uG$
6532e32cfcb829e722f771f4,Suzanne Benson,crystal39@example.org,XS9VE45uG$
6532e32cfcb829e722f771f4,Suzanne Benson,crystal39@example.org,XS9VE45uG$
6532e32cfcb829e722f771f5,Derrick Rodriguez,jeromestephens@example.net,$3X^SgG0WC
6532e32cfcb829e722f771f5,Derrick Rodriguez,jeromestephens@example.net,$3X^SgG0WC
6532e32cfcb829e722f771f4,Suzanne Benson,crystal39@example.org,XS9VE45uG$
6532e32cfcb829e722f771f5,Derrick Rodriguez,jeromestephens@example.net,$3X^SgG0WC
6532e32cfcb829e722f771f4,Suzanne Benson,crystal39@example.org,XS9VE45uG$
6532e32cfcb829e722f771f5,Derrick Rodriguez,jeromestephens@example.net,$3X^SgG0WC
6532e32cfcb829e722f771f5,Derrick Rodriguez,jeromestephens@example.net,$3X^SgG0WC
6532e32cfcb829e722f771f5,Derrick Rodriguez,jeromestephens@example.net,$3X^SgG0WC
6532e32cfcb829e722f771f6,Andrea Pearson,paulmitchell@example.net,_8RNu6srz2
6532e32cfcb829e722f771f5,Derrick Rodriguez,jeromestephens@example.net,$3X^SgG0WC
6532e32cfcb829e722f771f5,Derrick Rodriguez,jeromestephens@example.net,$3X^SgG0WC
6532e32cfcb829e722f771f6,Andrea Pearson,paulmitchell@example.net,_8RNu6srz2
6532e32cfcb829e722f771f5,Derrick Rodriguez,jeromestephens@example.net,$3X^SgG0WC
6532e32cfcb829e722f771f5,Derrick Rodriguez,jeromestephens@example.net,$3X^SgG0WC
6532e32cfcb829e722f771f6,Andrea Pearson,paulmitchell@example.net,_8RNu6srz2
6532e32cfcb829e722f771f6,Andrea Pearson,paulmitchell@example.net,_8RNu6srz2
6532e32cfcb829e722f771f6,Andrea Pearson,paulmitchell@example.net,_8RNu6srz2
6532e32cfcb829e722f771f6,Andrea Pearson,paulmitchell@example.net,_8RNu6srz2
6532e32cfcb829e722f771f7,Samantha Chan,allisonmatthew@example.org,@P+9E2fAeE
6532e32cfcb829e722f771f6,Andrea Pearson,paulmitchell@example.net,_8RNu6srz2
6532e32cfcb829e722f771f7,Samantha Chan,allisonmatthew@example.org,@P+9E2fAeE
6532e32cfcb829e722f771f6,Andrea Pearson,paulmitchell@example.net,_8RNu6srz2
6532e32cfcb829e722f771f6,Andrea Pearson,paulmitchell@example.net,_8RNu6srz2
6532e32cfcb829e722f771f6,Andrea Pearson,paulmitchell@example.net,_8RNu6srz2
6532e32cfcb829e722f771f7,Samantha Chan,allisonmatthew@example.org,@P+9E2fAeE
6532e32cfcb829e722f771f7,Samantha Chan,allisonmatthew@example.org,@P+9E2fAeE
6532e32cfcb829e722f771f7,Samantha Chan,allisonmatthew@example.org,@P+9E2fAeE
6532e32cfcb829e722f771f7,Samantha Chan,allisonmatthew@example.org,@P+9E2fAeE
6532e32cfcb829e722f771f8,Emily Russell,rogerschwartz@example.org,$##3BaO&%&
6532e32cfcb829e722f771f8,Emily Russell,rogerschwartz@example.org,$##3BaO&%&
6532e32cfcb829e722f771f7,Samantha Chan,allisonmatthew@example.org,@P+9E2fAeE
6532e32cfcb829e722f771f7,Samantha Chan,allisonmatthew@example.org,@P+9E2fAeE
6532e32cfcb829e722f771f7,Samantha Chan,allisonmatthew@example.org,@P+9E2fAeE
6532e32cfcb829e722f771f7,Samantha Chan,allisonmatthew@example.org,@P+9E2fAeE
6532e32cfcb829e722f771f8,Emily Russell,rogerschwartz@example.org,$##3BaO&%&
6532e32cfcb829e722f771f8,Emily Russell,rogerschwartz@example.org,$##3BaO&%&
6532e32cfcb829e722f771f8,Emily Russell,rogerschwartz@example.org,$##3BaO&%&
6532e32cfcb829e722f771f9,Rebekah Baker,zjordan@example.org,X)1YR#f(ED
6532e32cfcb829e722f771f8,Emily Russell,rogerschwartz@example.org,$##3BaO&%&
6532e32cfcb829e722f771f9,Rebekah Baker,zjordan@example.org,X)1YR#f(ED
6532e32cfcb829e722f771f8,Emily Russell,rogerschwartz@example.org,$##3BaO&%&
6532e32cfcb829e722f771f8,Emily Russell,rogerschwartz@example.org,$##3BaO&%&
6532e32cfcb829e722f771f8,Emily Russell,rogerschwartz@example.org,$##3BaO&%&
6532e32cfcb829e722f771f8,Emily Russell,rogerschwartz@example.org,$##3BaO&%&
6532e32cfcb829e722f771f9,Rebekah Baker,zjordan@example.org,X)1YR#f(ED
6532e32cfcb829e722f771f9,Rebekah Baker,zjordan@example.org,X)1YR#f(ED
6532e32cfcb829e722f771f9,Rebekah Baker,zjordan@example.org,X)1YR#f(ED
6532e32cfcb829e722f771fa,David Smith,oenglish@example.net,_88HfsBP#0
6532e32cfcb829e722f771f9,Rebekah Baker,zjordan@example.org,X)1YR#f(ED
6532e32cfcb829e722f771fa,David Smith,oenglish@example.net,_88HfsBP#0
6532e32cfcb829e722f771f9,Rebekah Baker,zjordan@example.org,X)1YR#f(ED
6532e32cfcb829e722f771f9,Rebekah Baker,zjordan@example.org,X)1YR#f(ED
6532e32cfcb829e722f771f9,Rebekah Baker,zjordan@example.org,X)1YR#f(ED
6532e32cfcb829e722f771f9,Rebekah Baker,zjordan@example.org,X)1YR#f(ED
6532e32cfcb829e722f771fa,David Smith,oenglish@example.net,_88HfsBP#0
6532e32cfcb829e722f771fa,David Smith,oenglish@example.net,_88HfsBP#0
6532e32cfcb829e722f771fb,Tasha Wright,walterswilliam@example.net,(6SP4p4bk7
6532e32cfcb829e722f771fa,David Smith,oenglish@example.net,_88HfsBP#0
6532e32cfcb829e722f771fb,Tasha Wright,walterswilliam@example.net,(6SP4p4bk7
6532e32cfcb829e722f771fa,David Smith,oenglish@example.net,_88HfsBP#0
6532e32cfcb829e722f771fa,David Smith,oenglish@example.net,_88HfsBP#0
6532e32cfcb829e722f771fa,David Smith,oenglish@example.net,_88HfsBP#0
